{"cameraMode":{"drawMode":0,"name":"Shaded","section":"Shading Mode"},"sceneLighting":true,"audioPlay":false,"sceneViewState":{"showFog":true,"showMaterialUpdate":false,"showSkybox":true,"showFlares":true,"showImageEffects":true,"showParticleSystems":true},"in2DMode":false,"pivot":{"x":0.19610440731048585,"y":0.6573976278305054,"z":0.23813724517822267},"rotation":{"x":0.2154008001089096,"y":-0.05914301425218582,"z":0.013052993454039097,"w":0.9746774435043335},"size":2.14214825630188,"orthographic":false}