{"cameraMode":{"drawMode":0,"name":"Shaded","section":"Shading Mode"},"sceneLighting":true,"audioPlay":false,"sceneViewState":{"showFog":true,"showMaterialUpdate":false,"showSkybox":true,"showFlares":true,"showImageEffects":true,"showParticleSystems":true},"in2DMode":false,"pivot":{"x":-0.1400754153728485,"y":1.1839244365692139,"z":0.4295368194580078},"rotation":{"x":-0.00643546599894762,"y":0.9863819479942322,"z":-0.15969416499137879,"w":-0.04059140756726265},"size":5.200856685638428,"orthographic":false}