{"cameraMode":{"drawMode":0,"name":"Shaded","section":"Shading Mode"},"sceneLighting":true,"audioPlay":false,"sceneViewState":{"showFog":true,"showMaterialUpdate":false,"showSkybox":true,"showFlares":true,"showImageEffects":true,"showParticleSystems":true},"in2DMode":false,"pivot":{"x":0.2365262508392334,"y":1.3762136697769166,"z":-0.3482952117919922},"rotation":{"x":-0.06318628787994385,"y":0.19600166380405427,"z":-0.012752947397530079,"w":-0.9785483479499817},"size":7.824410438537598,"orthographic":false}